Month,Asset Name,Open,Close,High,Low,Volume,Dividends,Splits,Date of High,Date of Low,Percent Change,PE Ratio,Beta
1991-01,BOUYGUES,0.445012241601944,0.5081886649131775,0.5186023777056014,0.43321003928916035,55938500,,,1991-01-17 00:00:00+01:00,1991-01-15 00:00:00+01:00,,13.036101,0.865
1991-02,BOUYGUES,0.5123542277842269,0.6854283213615417,0.6898887695212389,0.5123542277842269,89089800,,,1991-02-28 00:00:00+01:00,1991-02-01 00:00:00+01:00,34.87674336039059,13.036101,0.865
1991-03,BOUYGUES,0.6846848980998346,0.6475139856338501,0.7211121558822491,0.6348759771309561,66710000,,,1991-03-06 00:00:00+01:00,1991-03-26 00:00:00+01:00,-5.531480761165253,13.036101,0.865
1991-04,BOUYGUES,0.6475139856338501,0.6118301749229431,0.6943491457581805,0.594731673345091,37935000,,,1991-04-05 00:00:00+02:00,1991-04-30 00:00:00+02:00,-5.510894205007199,13.036101,0.865
1991-05,BOUYGUES,0.6118301749229431,0.6943491697311401,0.6943491697311402,0.6118300163773678,39931100,,,1991-05-31 00:00:00+02:00,1991-05-02 00:00:00+02:00,13.487238483879915,13.036101,0.865
1991-06,BOUYGUES,0.695836124028553,0.6371062994003296,0.7017834358742847,0.6229814529760377,58068300,,,1991-06-03 00:00:00+02:00,1991-06-28 00:00:00+02:00,-8.244104382378048,13.036101,0.865
1991-07,BOUYGUES,0.6400801851626056,0.7138709425926208,0.7306281924247741,0.5850671585067823,54535000,,,1991-07-26 00:00:00+02:00,1991-07-17 00:00:00+02:00,12.04895372476229,13.036101,0.865
1991-08,BOUYGUES,0.7188978371408916,0.729790210723877,0.739844741675605,0.6217041005188818,67005000,,,1991-08-29 00:00:00+02:00,1991-08-19 00:00:00+02:00,2.2299924512182656,13.036101,0.865
1991-09,BOUYGUES,0.7239251276686144,0.7591161131858826,0.782576553735497,0.6996265821960096,70271200,,,1991-09-17 00:00:00+02:00,1991-09-05 00:00:00+02:00,4.018401731220456,13.036101,0.865
1991-10,BOUYGUES,0.7599540347871738,0.7406826019287109,0.7691707283349615,0.7289523153035556,34082700,,,1991-10-03 00:00:00+01:00,1991-10-28 00:00:00+01:00,-2.428286126059065,13.036101,0.865
1991-11,BOUYGUES,0.7406826019287109,0.6644359827041626,0.7507370114326477,0.6594087290085884,47225200,,,1991-11-08 00:00:00+01:00,1991-11-29 00:00:00+01:00,-10.294101552541512,13.036101,0.865
1991-12,BOUYGUES,0.656895227229902,0.6602466106414795,0.6820314161480998,0.6082984665813597,45429800,,,1991-12-31 00:00:00+01:00,1991-12-23 00:00:00+01:00,-0.6305155307262167,13.036101,0.865
1992-01,BOUYGUES,0.6602466106414795,0.7754773497581482,0.8003495378218256,0.6501921034629132,39425500,,,1992-01-31 00:00:00+01:00,1992-01-03 00:00:00+01:00,17.452681658556845,13.036101,0.865
1992-02,BOUYGUES,0.7745890696340051,0.8030143976211548,0.8385461690829363,0.7434988193498542,52752000,,,1992-02-27 00:00:00+01:00,1992-02-17 00:00:00+01:00,3.550980292537842,13.036101,0.865
1992-03,BOUYGUES,0.8003495394891723,0.8216681480407715,0.8296627706029638,0.7816954655902224,40250900,,,1992-03-31 00:00:00+02:00,1992-03-24 00:00:00+01:00,2.3229658739465364,13.036101,0.865
1992-04,BOUYGUES,0.8207800811143331,0.8758540749549866,0.8856253210177293,0.7950197349677519,60155000,,,1992-04-30 00:00:00+02:00,1992-04-08 00:00:00+02:00,6.594624246226277,13.036101,0.865
1992-05,BOUYGUES,0.8758540749549866,0.8394345045089722,0.9184920354251633,0.8296633395182078,54613000,,,1992-05-13 00:00:00+02:00,1992-05-29 00:00:00+02:00,-4.158177884584957,13.036101,0.865
1992-06,BOUYGUES,0.8385456932526989,0.7568233609199524,0.8420988497392553,0.7434989558616936,58285000,,,1992-06-01 00:00:00+02:00,1992-06-30 00:00:00+02:00,-9.84128519202856,13.036101,0.865
1992-07,BOUYGUES,0.7514933038266339,0.8446884155273438,0.8589706222892208,0.6973075211943902,54188500,,,1992-07-31 00:00:00+02:00,1992-07-24 00:00:00+02:00,11.609717556892996,13.036101,0.865
1992-08,BOUYGUES,0.8487689625067459,0.7855193614959717,0.8691721411470383,0.756954945840995,35317500,,,1992-08-03 00:00:00+02:00,1992-08-26 00:00:00+02:00,-7.004837872013725,13.036101,0.865
1992-09,BOUYGUES,0.77429767723907,0.7916404604911804,0.8620312603625301,0.7549147416421388,72169300,,,1992-09-18 00:00:00+02:00,1992-09-11 00:00:00+02:00,0.7792422816353728,13.036101,0.865
1992-10,BOUYGUES,0.7763378994604874,0.7212496995925903,0.7977611564435793,0.6590200662612915,53707500,,,1992-10-01 00:00:00+01:00,1992-10-16 00:00:00+01:00,-8.891758874339939,13.036101,0.865
1992-11,BOUYGUES,0.7212496995925903,0.859990656375885,0.859990656375885,0.7212496995925903,55175400,,,1992-11-30 00:00:00+01:00,1992-11-02 00:00:00+01:00,19.23618919517953,13.036101,0.865
1992-12,BOUYGUES,0.8477490005633875,0.8712124824523926,0.9130388598624287,0.7998014913802606,65270000,,,1992-12-28 00:00:00+01:00,1992-12-04 00:00:00+01:00,1.3048776743456614,13.036101,0.865
1993-01,BOUYGUES,0.8712124824523926,0.9343199133872986,0.9624359423965321,0.8242854365994179,79585000,,,1993-01-29 00:00:00+01:00,1993-01-13 00:00:00+01:00,7.243632547282108,13.036101,0.865
1993-02,BOUYGUES,0.9267502084109238,1.04245924949646,1.0532728093321466,0.9267502084109238,107242500,,,1993-02-08 00:00:00+01:00,1993-02-01 00:00:00+01:00,11.574123012867332,13.036101,0.865
1993-03,BOUYGUES,1.0446215321263952,1.1808767318725586,1.1808767318725586,1.0446215321263952,112057500,,,1993-03-31 00:00:00+02:00,1993-03-01 00:00:00+01:00,13.277975368625539,13.036101,0.865
1993-04,BOUYGUES,1.173306782319073,1.061923861503601,1.176550919547213,1.0532724956372737,57805000,,,1993-04-01 00:00:00+02:00,1993-04-22 00:00:00+02:00,-10.073267357917171,13.036101,0.865
1993-05,BOUYGUES,1.05651685681863,1.1008539199829102,1.1257257289407812,0.9894705820611863,74645000,,,1993-05-27 00:00:00+02:00,1993-05-14 00:00:00+02:00,3.6659933815016865,13.036101,0.865
1993-06,BOUYGUES,1.0943655967712402,1.0781447887420654,1.1116676331761473,1.0121798848105577,80545000,,,1993-06-29 00:00:00+02:00,1993-06-16 00:00:00+02:00,-2.062865093054056,13.036101,0.865
1993-07,BOUYGUES,1.087877070579243,1.260472297668457,1.2930083296041839,1.0370521435312432,68580000,,,1993-07-30 00:00:00+02:00,1993-07-08 00:00:00+02:00,16.911226658074717,13.036101,0.865
1993-08,BOUYGUES,1.272522506643697,1.3195191621780396,1.3387997894185262,1.2110656957315293,110145000,,,1993-08-31 00:00:00+02:00,1993-08-03 00:00:00+02:00,4.684503151620523,13.036101,0.865
1993-09,BOUYGUES,1.2954186079804981,1.2399866580963135,1.3171093749355562,1.214680790901184,65747500,,,1993-09-01 00:00:00+02:00,1993-09-09 00:00:00+02:00,-6.027385305299182,13.036101,0.865
1993-10,BOUYGUES,1.247216831513705,1.2110660076141357,1.3351847005413358,1.2074509174500176,99012500,,,1993-10-06 00:00:00+01:00,1993-10-29 00:00:00+01:00,-2.332335617753989,13.036101,0.865
1993-11,BOUYGUES,1.2110660076141357,1.2002203464508057,1.2291412135449102,1.1568388938903809,74292500,,,1993-11-03 00:00:00+01:00,1993-11-22 00:00:00+01:00,-0.8955466584927629,13.036101,0.865
1993-12,BOUYGUES,1.2050407139084056,1.2508320808410645,1.282163241953238,1.1978104190594345,85960100,,,1993-12-30 00:00:00+01:00,1993-12-01 00:00:00+01:00,4.216870222199098,13.036101,0.865
1994-01,BOUYGUES,1.2749327690756256,1.3578786849975586,1.397847128274603,1.2472168942756217,191675000,,,1994-01-11 00:00:00+01:00,1994-01-03 00:00:00+01:00,8.558031553245392,13.036101,0.865
1994-02,BOUYGUES,1.3654568871775352,1.3881936073303223,1.4134564685547568,1.347773108394768,112697000,,,1994-02-10 00:00:00+01:00,1994-02-15 00:00:00+01:00,2.232520671227567,13.036101,0.865
1994-03,BOUYGUES,1.402088735335244,1.3250367641448975,1.402088735335244,1.2985107606093502,83392500,,,1994-03-01 00:00:00+01:00,1994-03-25 00:00:00+01:00,-4.549570236595724,13.036101,0.865
1994-04,BOUYGUES,1.3250367641448975,1.2934578657150269,1.3540890191542878,1.2631428816237478,52137500,,,1994-04-07 00:00:00+02:00,1994-04-15 00:00:00+02:00,-2.383246962226726,13.036101,0.865
1994-05,BOUYGUES,1.2985105514526365,1.2416691780090332,1.3174577934264893,1.2252483095968514,65340000,,,1994-05-06 00:00:00+02:00,1994-05-31 00:00:00+02:00,-4.003894450583035,13.036101,0.865
1994-06,BOUYGUES,1.2656688533073208,1.1052500009536743,1.2656688533073208,1.068618718073475,100562500,,,1994-06-01 00:00:00+02:00,1994-06-24 00:00:00+02:00,-10.986757138813863,13.036101,0.865
1994-07,BOUYGUES,1.0976707309465483,1.339799404144287,1.341227794393085,1.0686182195666964,65100500,,,1994-07-29 00:00:00+02:00,1994-07-06 00:00:00+02:00,21.221389096424325,13.036101,0.865
1994-08,BOUYGUES,1.3497977043336875,1.4583526849746704,1.4697798351283782,1.3198021937387712,88376000,,,1994-08-29 00:00:00+02:00,1994-08-01 00:00:00+02:00,8.848584382383851,13.036101,0.865
1994-09,BOUYGUES,1.4497828049350603,1.2612395286560059,1.4583530098531343,1.2426711451648378,94855000,,,1994-09-01 00:00:00+02:00,1994-09-28 00:00:00+01:00,-13.516151363762063,13.036101,0.865
1994-10,BOUYGUES,1.2412424104041375,1.1498275995254517,1.2883785802966226,1.0955503973307792,228962500,,,1994-10-05 00:00:00+01:00,1994-10-21 00:00:00+01:00,-8.833526590248585,13.036101,0.865
1994-11,BOUYGUES,1.1498275995254517,1.2412422895431519,1.2483841024570943,1.1298305626669523,178632000,,,1994-11-30 00:00:00+01:00,1994-11-02 00:00:00+01:00,7.950295336051094,13.036101,0.865
1994-12,BOUYGUES,1.2326723430479318,1.1126905679702759,1.2826652312092914,1.105548752707139,121054000,,,1994-12-05 00:00:00+01:00,1994-12-30 00:00:00+01:00,-10.356698499226159,13.036101,0.865
1995-01,BOUYGUES,1.1126905679702759,1.198859453201294,1.2171393768706142,1.0926934113468068,99562500,,,1995-01-31 00:00:00+01:00,1995-01-24 00:00:00+01:00,7.74419121644967,13.036101,0.865
1995-02,BOUYGUES,1.2095223926369165,1.229325771331787,1.271978849589233,1.2003822973682288,75743500,,,1995-02-16 00:00:00+01:00,1995-02-02 00:00:00+01:00,2.541275213632388,13.036101,0.865
1995-03,BOUYGUES,1.2445590285181176,1.2582690715789795,1.2719790480076436,1.1866728067398071,114731300,,,1995-03-30 00:00:00+02:00,1995-03-13 00:00:00+01:00,2.354404415994371,13.036101,0.865
1995-04,BOUYGUES,1.2582690715789795,1.2582690715789795,1.2582690715789795,1.2582690715789795,0,,,1995-04-03 00:00:00+02:00,1995-04-03 00:00:00+02:00,0.0,13.036101,0.865
1995-05,BOUYGUES,1.2582690715789795,1.2582690715789795,1.2582690715789795,1.2582690715789795,0,,,1995-05-01 00:00:00+02:00,1995-05-01 00:00:00+02:00,0.0,13.036101,0.865
1995-06,BOUYGUES,1.2582690715789795,1.2582690715789795,1.2582690715789795,1.2582690715789795,0,,,1995-06-01 00:00:00+02:00,1995-06-01 00:00:00+02:00,0.0,13.036101,0.865
1995-07,BOUYGUES,1.2582690715789795,1.4721390008926392,1.4721390008926392,1.2582690715789795,0,,,1995-07-21 00:00:00+02:00,1995-07-03 00:00:00+02:00,16.997153799964117,13.036101,0.865
1995-08,BOUYGUES,1.6069079637527466,1.6499029397964478,1.6902084350585938,1.6042196313501265,109831000,,,1995-08-18 00:00:00+02:00,1995-08-02 00:00:00+02:00,12.075214283163515,13.036101,0.865
1995-09,BOUYGUES,1.6445268210596913,1.5209193229675293,1.6579634006084292,1.4671769767037315,91526100,,,1995-09-05 00:00:00+02:00,1995-09-25 00:00:00+01:00,-7.8176487669530115,13.036101,0.865
1995-10,BOUYGUES,1.5209190220603068,1.3973110914230347,1.5209190220603068,1.260266661643982,168617300,,,1995-10-02 00:00:00+01:00,1995-10-24 00:00:00+01:00,-8.12720501856189,13.036101,0.865
1995-11,BOUYGUES,1.4080598239382,1.4725505113601685,1.5128585170895563,1.3731261594027868,159150000,,,1995-11-17 00:00:00+01:00,1995-11-06 00:00:00+01:00,5.384586181199591,13.036101,0.865
1995-12,BOUYGUES,1.4644895721589424,1.3255648612976074,1.4832994937896729,1.2718214602258526,129484600,,,1995-12-01 00:00:00+01:00,1995-12-20 00:00:00+01:00,-9.981705138711538,13.036101,0.865
1996-01,BOUYGUES,1.3255648612976074,1.3892501592636108,1.4779241741249727,1.2981553540516426,184090100,,,1996-01-03 00:00:00+01:00,1996-01-17 00:00:00+01:00,4.804389421100175,13.036101,0.865
1996-02,BOUYGUES,1.383874895021948,1.340881586074829,1.451053697004607,1.3355063271337175,137791100,,,1996-02-23 00:00:00+01:00,1996-02-29 00:00:00+01:00,-3.481631646126293,13.036101,0.865
1996-03,BOUYGUES,1.3355065893051277,1.3785014152526855,1.397311253163781,1.253280270573025,162096200,,,1996-03-29 00:00:00+01:00,1996-03-22 00:00:00+01:00,2.805604131531192,13.036101,0.865
1996-04,BOUYGUES,1.3838747064851378,1.41074800491333,1.4214949563128936,1.3247577308426832,100461300,,,1996-04-30 00:00:00+02:00,1996-04-18 00:00:00+02:00,2.3392496593653167,13.036101,0.865
1996-05,BOUYGUES,1.41074800491333,1.510170578956604,1.526292958599101,1.303261959997516,201166100,,,1996-05-31 00:00:00+02:00,1996-05-23 00:00:00+02:00,7.047507683654808,13.036101,0.865
1996-06,BOUYGUES,1.5074841392748017,1.5424164533615112,1.5639143238054058,1.496733918814451,165381000,,,1996-06-04 00:00:00+02:00,1996-06-25 00:00:00+02:00,2.1352471604357603,13.036101,0.865
1996-07,BOUYGUES,1.5262932019326279,1.7867909669876099,1.8965951079446877,1.5236073563395913,173600400,,,1996-07-08 00:00:00+02:00,1996-07-01 00:00:00+02:00,15.843614290648533,13.036101,0.865
1996-08,BOUYGUES,1.8100820204535049,1.638724684715271,1.823392205738653,1.638724684715271,81603300,,,1996-08-02 00:00:00+02:00,1996-08-30 00:00:00+02:00,-8.286715402527866,13.036101,0.865
1996-09,BOUYGUES,1.6403862448554858,1.528588056564331,1.6600189956135427,1.4793438936605143,115688300,,,1996-09-13 00:00:00+02:00,1996-09-27 00:00:00+02:00,-6.720874420102863,13.036101,0.865
1996-10,BOUYGUES,1.5342443315570056,1.6670063734054565,1.753518038457711,1.5222654353455067,215074500,,,1996-10-21 00:00:00+02:00,1996-10-01 00:00:00+02:00,9.05530540073929,13.036101,0.865
1996-11,BOUYGUES,1.6670063734054565,1.933194875717163,1.946504641589682,1.6573573557017718,140765200,,,1996-11-29 00:00:00+01:00,1996-11-05 00:00:00+01:00,15.968055465074272,13.036101,0.865
1996-12,BOUYGUES,1.9232136458561868,1.790118932723999,1.976451019627731,1.723572321393005,139524300,,,1996-12-03 00:00:00+01:00,1996-12-27 00:00:00+01:00,-7.401009840773898,13.036101,0.865
1997-01,BOUYGUES,1.790118932723999,1.8067563772201538,1.8333737412228286,1.6573574049994377,162658800,,,1997-01-30 00:00:00+01:00,1997-01-24 00:00:00+01:00,0.9294044206793473,13.036101,0.865
1997-02,BOUYGUES,1.8200642951490087,1.8100824356079102,1.9631408744278354,1.7501899003982544,178724100,,,1997-02-12 00:00:00+01:00,1997-02-21 00:00:00+01:00,0.1840900317105154,13.036101,0.865
1997-03,BOUYGUES,1.8067559751386053,1.86332106590271,2.056306858498051,1.793446420641039,155988900,,,1997-03-06 00:00:00+01:00,1997-03-03 00:00:00+01:00,2.941226832960231,13.036101,0.865
1997-04,BOUYGUES,1.830045932960895,1.820063591003418,1.9065757395826533,1.703607241719955,113876900,,,1997-04-02 00:00:00+02:00,1997-04-22 00:00:00+02:00,-2.3215255648030397,13.036101,0.865
1997-05,BOUYGUES,1.820063591003418,1.6630136966705322,1.8433550504181804,1.639056031915047,136489300,,,1997-05-02 00:00:00+02:00,1997-05-28 00:00:00+02:00,-8.628813581524518,13.036101,0.865
1997-06,BOUYGUES,1.6304044767116048,1.6087775230407715,1.7701531466786053,1.6087775230407715,199650600,,,1997-06-13 00:00:00+02:00,1997-06-30 00:00:00+02:00,-3.2613185169999115,13.036101,0.865
1997-07,BOUYGUES,1.6144338426640248,2.2439393997192383,2.2821186169934298,1.6144338426640248,331694300,,,1997-07-30 00:00:00+02:00,1997-07-01 00:00:00+02:00,39.481026281243594,13.036101,0.865
1997-08,BOUYGUES,2.2736331449843847,2.061540126800537,2.2736331449843847,2.044571994825719,126258200,,,1997-08-01 00:00:00+02:00,1997-08-18 00:00:00+02:00,-8.128529359639703,13.036101,0.865
1997-09,BOUYGUES,2.095051140557499,2.362710952758789,2.396646453242683,2.0751152590554414,280588800,,,1997-09-09 00:00:00+02:00,1997-09-01 00:00:00+02:00,14.609020801630578,13.036101,0.865
1997-10,BOUYGUES,2.3627113214101625,2.290600538253784,2.5917710890213335,2.0869938243619934,376387500,,,1997-10-13 00:00:00+02:00,1997-10-28 00:00:00+01:00,-3.052020155948665,13.036101,0.865
1997-11,BOUYGUES,2.299086008677524,2.532386302947998,2.6341932291492984,2.2566646616863784,269438800,,,1997-11-25 00:00:00+01:00,1997-11-07 00:00:00+01:00,10.555562205470226,13.036101,0.865
1997-12,BOUYGUES,2.5493535995483403,2.8929567337036133,3.1601756980038322,2.5493535995483403,296654200,,,1997-12-12 00:00:00+01:00,1997-12-01 00:00:00+01:00,14.238366016111703,13.036101,0.865
1998-01,BOUYGUES,2.8929567337036133,3.308640241622925,3.5122472746201754,2.8420338762389266,237832100,,,1998-01-16 00:00:00+01:00,1998-01-08 00:00:00+01:00,14.36881177919127,13.036101,0.865
1998-02,BOUYGUES,3.308639967881957,3.6225337982177734,3.6904213273946,3.228063617287176,116836100,,,1998-02-25 00:00:00+01:00,1998-02-02 00:00:00+01:00,9.487086345805928,13.036101,0.865
1998-03,BOUYGUES,3.622533789440217,4.432743072509766,4.653315187711291,3.529213192615869,152691100,,,1998-03-31 00:00:00+02:00,1998-03-03 00:00:00+01:00,22.365816840428153,13.036101,0.865
1998-04,BOUYGUES,4.496354794696754,4.025528430938721,4.780566825971363,3.974605563632859,146314000,,,1998-04-01 00:00:00+02:00,1998-04-30 00:00:00+02:00,-9.186515773865612,13.036101,0.865
1998-05,BOUYGUES,4.025528430938721,4.589675426483154,4.733919850955134,3.9915981292724614,142884100,,,1998-05-29 00:00:00+02:00,1998-05-07 00:00:00+02:00,14.014234533995795,13.036101,0.865
1998-06,BOUYGUES,4.589675426483155,4.657563209533691,4.907816114201706,4.182459634462119,137228500,,,1998-06-05 00:00:00+02:00,1998-06-12 00:00:00+02:00,1.4791412625566824,13.036101,0.865
1998-07,BOUYGUES,4.68724342222208,5.611196517944336,6.07327166138727,4.674527198501157,188864600,,,1998-07-09 00:00:00+02:00,1998-07-01 00:00:00+02:00,20.47494076856815,13.036101,0.865
1998-08,BOUYGUES,5.431994464493385,5.342425346374512,5.540451731682011,4.786023561868981,154342000,,,1998-08-21 00:00:00+02:00,1998-08-06 00:00:00+02:00,-4.789908368211792,13.036101,0.865
1998-09,BOUYGUES,5.092512627811618,4.786024570465088,5.5781701076260175,4.248482704162598,142049600,,,1998-09-09 00:00:00+02:00,1998-09-21 00:00:00+02:00,-10.414759960792153,13.036101,0.865
1998-10,BOUYGUES,4.686978241319371,5.285849094390869,5.3471479415893555,4.3852129850440695,101749100,,,1998-10-28 00:00:00+01:00,1998-10-05 00:00:00+02:00,10.443417424353306,13.036101,0.865
1998-11,BOUYGUES,5.304708988036544,4.998188495635986,5.931819196442202,4.960471826452265,227346800,,,1998-11-16 00:00:00+01:00,1998-11-30 00:00:00+01:00,-5.442088747106622,13.036101,0.865
1998-12,BOUYGUES,5.134952225284541,5.43199348449707,5.705487459265345,5.0359398779237745,161520300,,,1998-12-03 00:00:00+01:00,1998-12-16 00:00:00+01:00,8.679244274997778,13.036101,0.865
1999-01,BOUYGUES,5.43199348449707,7.144885063171387,7.206745441781765,5.422080012449232,246963100,,,1999-01-29 00:00:00+01:00,1999-01-04 00:00:00+01:00,31.53338794611804,13.036101,0.865
1999-02,BOUYGUES,7.11395560678176,7.005683898925781,7.8686653692691735,6.897444642156716,148400000,,,1999-02-22 00:00:00+01:00,1999-02-16 00:00:00+01:00,-1.9482631702940068,13.036101,0.865
1999-03,BOUYGUES,7.058287250456933,7.949070453643799,7.9490704536438,6.281933761410617,253198500,,,1999-03-31 00:00:00+02:00,1999-03-23 00:00:00+01:00,13.46601657066875,13.036101,0.865
1999-04,BOUYGUES,7.887211512416979,7.441802978515625,8.072793261531416,6.736600633604619,175637400,,,1999-04-01 00:00:00+02:00,1999-04-21 00:00:00+02:00,-6.381469104927184,13.036101,0.865
1999-05,BOUYGUES,7.522240644058398,7.8965020179748535,7.949071644467023,6.943854781110998,103712700,,,1999-05-06 00:00:00+02:00,1999-05-17 00:00:00+02:00,6.110065541535259,13.036101,0.865
1999-06,BOUYGUES,7.887213175635849,8.054779052734375,8.688299698579229,7.707822682182328,1049628420,,,1999-06-10 00:00:00+02:00,1999-06-07 00:00:00+02:00,2.004394279887922,13.036101,0.865
1999-07,BOUYGUES,8.174204509923523,8.20163631439209,8.890742875689552,8.058862785956483,145829500,,,1999-07-05 00:00:00+02:00,1999-07-13 00:00:00+02:00,1.8232314095302238,13.036101,0.865
1999-08,BOUYGUES,8.154046185558057,8.28095817565918,8.522088877109422,7.4147895858779185,160034900,,,1999-08-03 00:00:00+02:00,1999-08-11 00:00:00+02:00,0.9671467768925135,13.036101,0.865
1999-09,BOUYGUES,8.309512733660345,9.448539733886719,9.607178745237109,8.033480742486176,182708200,,,1999-09-30 00:00:00+02:00,1999-09-22 00:00:00+02:00,14.099594919577019,13.036101,0.865
1999-10,BOUYGUES,9.369220463709542,10.501903533935547,11.003206964988442,9.004353124504206,336898500,,,1999-10-25 00:00:00+02:00,1999-10-18 00:00:00+02:00,11.148429595644194,13.036101,0.865
1999-11,BOUYGUES,10.501903533935547,14.53133487701416,15.797275873680904,10.248083383911371,303630400,,,1999-11-26 00:00:00+01:00,1999-11-02 00:00:00+01:00,38.36858080116643,13.036101,0.865
1999-12,BOUYGUES,14.467880324219655,20.020246505737305,21.860455181913373,13.677857262709622,265925300,,,1999-12-27 00:00:00+01:00,1999-12-02 00:00:00+01:00,37.772934662771895,13.036101,0.865
2000-01,BOUYGUES,20.559623524345547,20.46443748474121,21.701817371683106,17.164743303634275,233140100,,,2000-01-21 00:00:00+01:00,2000-01-07 00:00:00+01:00,2.2187088399566512,13.036101,0.865
2000-02,BOUYGUES,20.718261591725447,27.444547653198242,30.04623585285214,20.591349863349574,260905800,,,2000-02-15 00:00:00+01:00,2000-02-01 00:00:00+01:00,34.10848782753777,13.036101,0.865
2000-03,BOUYGUES,27.999783729244825,26.175443649291992,31.06152878361485,23.85930900253253,269685900,,,2000-03-03 00:00:00+01:00,2000-03-21 00:00:00+01:00,-4.624248211131854,13.036101,0.865
2000-04,BOUYGUES,26.334085001297716,22.272920608520508,26.65136313384347,18.814585586364007,209809600,,,2000-04-03 00:00:00+02:00,2000-04-17 00:00:00+02:00,-14.909099891711064,13.036101,0.865
2000-05,BOUYGUES,22.272920608520508,21.06726837158203,24.747689092629795,16.688825932458137,316588100,,,2000-05-04 00:00:00+02:00,2000-05-24 00:00:00+02:00,-5.413085504723858,13.036101,0.865
2000-06,BOUYGUES,21.57491037580702,22.332061767578125,24.804536518151902,21.25763228204515,223263400,,,2000-06-15 00:00:00+02:00,2000-06-01 00:00:00+02:00,6.0035946459114475,13.036101,0.865
2000-07,BOUYGUES,22.41181218032296,21.19950294494629,24.40574891046183,20.465736775359684,16202117,,,2000-07-07 00:00:00+02:00,2000-07-31 00:00:00+02:00,-5.071447654135075,13.036101,0.865
2000-08,BOUYGUES,21.34306883243071,22.571332931518555,23.46461633915804,19.03010335730362,19380915,,,2000-08-31 00:00:00+02:00,2000-08-03 00:00:00+02:00,6.4710478832207485,13.036101,0.865
2000-09,BOUYGUES,22.794650270411772,18.216583251953125,24.45360436571755,17.769939117226546,18187598,,,2000-09-04 00:00:00+02:00,2000-09-28 00:00:00+02:00,-19.29327653257229,13.036101,0.865
2000-10,BOUYGUES,17.8815990687208,19.141769409179688,19.556500486566982,14.292520235533447,27832917,,,2000-10-27 00:00:00+02:00,2000-10-13 00:00:00+02:00,5.07881277421971,13.036101,0.865
2000-11,BOUYGUES,19.141767428989933,16.110984802246094,20.736915449892983,15.504828451598975,19551054,,,2000-11-06 00:00:00+01:00,2000-11-30 00:00:00+01:00,-15.833356583431312,13.036101,0.865
2000-12,BOUYGUES,16.23859873225423,15.393174171447754,19.04605411953313,14.994382858276367,17429552,,,2000-12-08 00:00:00+01:00,2000-12-20 00:00:00+01:00,-4.4554112588962695,13.036101,0.865
2001-01,BOUYGUES,15.393174171447754,16.270503997802734,18.982252724150307,14.742348851905014,35268031,,,2001-01-25 00:00:00+01:00,2001-01-03 00:00:00+01:00,5.699473133892741,13.036101,0.865
2001-02,BOUYGUES,16.302404948010707,13.523655891418457,17.131875834531833,12.697373409099905,30551835,,,2001-02-02 00:00:00+01:00,2001-02-22 00:00:00+01:00,-16.88237873120112,13.036101,0.865
2001-03,BOUYGUES,13.405615545330843,12.123119354248047,14.834872813624353,11.166028172158052,44943171,,,2001-03-07 00:00:00+01:00,2001-03-23 00:00:00+01:00,-10.356197676244715,13.036101,0.865
2001-04,BOUYGUES,12.521905496514853,15.383600234985352,15.606919872995732,11.740285641412509,31052693,,,2001-04-30 00:00:00+02:00,2001-04-04 00:00:00+02:00,26.894735467524722,13.036101,0.865
2001-05,BOUYGUES,15.383600234985352,13.86182975769043,15.871716469212583,13.71826626270384,27872542,,,2001-05-03 00:00:00+02:00,2001-05-31 00:00:00+02:00,-9.89216083393869,13.036101,0.865
2001-06,BOUYGUES,14.021339974813385,13.152514457702637,14.232467903756564,11.84450944546931,21373809,,,2001-06-11 00:00:00+02:00,2001-06-28 00:00:00+02:00,-5.11703947016281,13.036101,0.865
2001-07,BOUYGUES,12.855986149917367,12.684663772583008,13.307362036311233,11.366775430951801,22485615,,,2001-07-02 00:00:00+02:00,2001-07-11 00:00:00+02:00,-3.557119717482138,13.036101,0.865
2001-08,BOUYGUES,12.6648944929516,12.253053665161133,13.195342479548936,12.07514162611189,21667876,,,2001-08-07 00:00:00+02:00,2001-08-28 00:00:00+02:00,-3.4026137007649337,13.036101,0.865
2001-09,BOUYGUES,12.503452394382057,9.337230682373047,12.503452394382057,7.577851002314908,27857883,,,2001-09-03 00:00:00+02:00,2001-09-21 00:00:00+02:00,-23.796704580496442,13.036101,0.865
2001-10,BOUYGUES,9.561268526382754,11.202037811279297,12.493568946593063,8.862790491875199,31602298,,,2001-10-24 00:00:00+02:00,2001-10-03 00:00:00+02:00,19.971736720895827,13.036101,0.865
2001-11,BOUYGUES,10.921987368731232,12.684663772583008,12.921883860906863,10.44425578991518,27639924,,,2001-11-30 00:00:00+01:00,2001-11-12 00:00:00+01:00,13.235323664153853,13.036101,0.865
2001-12,BOUYGUES,12.684664120658699,12.12455940246582,13.442445819650954,11.795086113918602,15418427,,,2001-12-06 00:00:00+01:00,2001-12-27 00:00:00+01:00,-4.41560281107185,13.036101,0.865
2002-01,BOUYGUES,12.124559402465819,11.343714714050293,12.78350505710624,10.862685371555747,19892275,,,2002-01-04 00:00:00+01:00,2002-01-21 00:00:00+01:00,-6.440190216369624,13.036101,0.865
2002-02,BOUYGUES,11.234987787857985,10.872570037841797,11.478797470925228,10.052183455064316,19407203,,,2002-02-01 00:00:00+01:00,2002-02-20 00:00:00+01:00,-4.1533544177106085,13.036101,0.865
2002-03,BOUYGUES,10.790202748351454,12.328832626342773,12.832929272094365,10.790202748351454,21446442,,,2002-03-07 00:00:00+01:00,2002-03-01 00:00:00+01:00,13.393913154226444,13.036101,0.865
2002-04,BOUYGUES,12.328832626342773,11.037304878234863,12.46721230570305,10.648528068544259,24887469,,,2002-04-02 00:00:00+02:00,2002-04-30 00:00:00+02:00,-10.475669410486832,13.036101,0.865
2002-05,BOUYGUES,11.037304878234863,10.550935745239258,11.580701584569145,10.204347232884693,23517926,,,2002-05-17 00:00:00+02:00,2002-05-03 00:00:00+02:00,-4.40659326131968,13.036101,0.865
2002-06,BOUYGUES,10.487616874519919,9.779644966125488,10.69756889147422,8.752936278839991,22966063,,,2002-06-03 00:00:00+02:00,2002-06-26 00:00:00+02:00,-7.310164688111076,13.036101,0.865
2002-07,BOUYGUES,9.679394809007173,8.106492042541504,10.118422830387761,7.311398009179506,27821260,,,2002-07-08 00:00:00+02:00,2002-07-26 00:00:00+02:00,-17.108524178325624,13.036101,0.865
2002-08,BOUYGUES,8.213655833645094,8.728736877441406,9.247276402756473,7.052126227773864,20453657,,,2002-08-23 00:00:00+02:00,2002-08-06 00:00:00+02:00,7.675882880467477,13.036101,0.865
2002-09,BOUYGUES,8.67688282824,8.988007545471191,9.541113961205447,7.985496997399671,26735042,,,2002-09-17 00:00:00+02:00,2002-09-06 00:00:00+02:00,2.9703114169914446,13.036101,0.865
2002-10,BOUYGUES,8.988006356313736,9.191965103149414,9.74161947700763,8.20674127195078,29425276,,,2002-10-02 00:00:00+02:00,2002-10-09 00:00:00+02:00,2.2692188079102227,13.036101,0.865
2002-11,BOUYGUES,9.312957853066365,10.284354209899902,10.526340765825296,8.62157272549052,26581571,,,2002-11-28 00:00:00+01:00,2002-11-01 00:00:00+01:00,11.8841737810363,13.036101,0.865
2002-12,BOUYGUES,10.439916813702519,9.202338218688965,10.522882958817855,8.645772789036194,18642782,,,2002-12-02 00:00:00+01:00,2002-12-19 00:00:00+01:00,-10.520991100922695,13.036101,0.865
2003-01,BOUYGUES,9.202338218688965,8.182540893554688,9.776184711578447,7.812651420717188,26490576,,,2003-01-06 00:00:00+01:00,2003-01-27 00:00:00+01:00,-11.081937013173215,13.036101,0.865
2003-02,BOUYGUES,8.199828324886743,7.7919111251831055,8.275879347988752,7.401278303981049,25847028,,,2003-02-19 00:00:00+01:00,2003-02-07 00:00:00+01:00,-4.773942146494836,13.036101,0.865
2003-03,BOUYGUES,7.829939395273287,6.374572277069092,7.847224425604939,5.741953689280511,27484371,,,2003-03-03 00:00:00+01:00,2003-03-12 00:00:00+01:00,-18.18987441390647,13.036101,0.865
2003-04,BOUYGUES,6.391855521969952,7.703293800354004,7.843765664643496,5.963196815513743,38091724,,,2003-04-29 00:00:00+02:00,2003-04-01 00:00:00+02:00,20.844089070331062,13.036101,0.865
2003-05,BOUYGUES,7.703293800354004,7.963348388671875,8.486976147084514,7.464320636009803,30461328,,,2003-05-06 00:00:00+02:00,2003-05-23 00:00:00+02:00,3.3758882246698096,13.036101,0.865
2003-06,BOUYGUES,8.002006347832749,8.448318481445312,9.066830827302041,7.910635094423704,32009816,,,2003-06-17 00:00:00+02:00,2003-06-02 00:00:00+02:00,6.090027323974967,13.036101,0.865
2003-07,BOUYGUES,8.437776677193312,8.26557731628418,8.6943182205744,7.826292670677889,19961801,,,2003-07-15 00:00:00+02:00,2003-07-24 00:00:00+02:00,-2.1630477776433232,13.036101,0.865
2003-08,BOUYGUES,8.255033410724911,8.427233695983887,8.574833314950771,7.633008005105136,15897962,,,2003-08-29 00:00:00+02:00,2003-08-07 00:00:00+02:00,1.9557784473351214,13.036101,0.865
2003-09,BOUYGUES,8.567802893327503,7.945779323577881,9.193347803958764,7.80872208526763,21136462,,,2003-09-03 00:00:00+02:00,2003-09-30 00:00:00+02:00,-5.7130772656209805,13.036101,0.865
2003-10,BOUYGUES,7.942262388481547,8.223404884338379,8.697831219689327,7.886034036764088,19423478,,,2003-10-15 00:00:00+02:00,2003-10-01 00:00:00+02:00,3.4940003925944207,13.036101,0.865
2003-11,BOUYGUES,8.318290020899255,9.101974487304688,9.39365713605596,8.188261944244832,29931366,,,2003-11-26 00:00:00+01:00,2003-11-05 00:00:00+01:00,10.68376925766552,13.036101,0.865
2003-12,BOUYGUES,9.267145031559965,9.741572380065918,9.752115448884398,9.154687649561884,28386752,,,2003-12-31 00:00:00+01:00,2003-12-01 00:00:00+01:00,7.027023572229663,13.036101,0.865
2004-01,BOUYGUES,9.741572380065918,10.173828125,10.504168176301652,9.7380572207115,28874033,,,2004-01-29 00:00:00+01:00,2004-01-02 00:00:00+01:00,4.437227667872201,13.036101,0.865
2004-02,BOUYGUES,10.187886378180533,10.416312217712402,10.507683886310334,9.9102571509586,20262338,,,2004-02-19 00:00:00+01:00,2004-02-04 00:00:00+01:00,2.3834105484497936,13.036101,0.865
2004-03,BOUYGUES,10.437400876432537,9.839971542358398,10.820458355836127,9.506116734780722,32329474,,,2004-03-05 00:00:00+01:00,2004-03-25 00:00:00+01:00,-5.533058757339915,13.036101,0.865
2004-04,BOUYGUES,9.94891404768994,10.274635314941406,10.437400405166446,9.727515780256503,34658607,,,2004-04-28 00:00:00+02:00,2004-04-14 00:00:00+02:00,4.417327537096005,13.036101,0.865
2004-05,BOUYGUES,10.242179239481892,10.195295333862305,10.555936802377298,9.647121542150325,32711742,,,2004-05-05 00:00:00+02:00,2004-05-17 00:00:00+02:00,-0.77219267299663,13.036101,0.865
2004-06,BOUYGUES,10.137592585944217,9.924816131591797,10.35397778311694,9.881539015123138,23594056,,,2004-06-16 00:00:00+02:00,2004-06-30 00:00:00+02:00,-2.6529805504716175,13.036101,0.865
2004-07,BOUYGUES,9.971697803957875,10.072678565979004,10.137593897021008,9.355004669309487,22723226,,,2004-07-30 00:00:00+02:00,2004-07-23 00:00:00+02:00,1.4898254277632805,13.036101,0.865
2004-08,BOUYGUES,10.0798928001529,10.202509880065918,10.361189510750979,9.574994073582545,20492286,,,2004-08-27 00:00:00+02:00,2004-08-11 00:00:00+02:00,1.2889452714735183,13.036101,0.865
2004-09,BOUYGUES,10.170051231038702,10.891329765319824,11.050010891767219,9.946452484845459,25150089,,,2004-09-30 00:00:00+02:00,2004-09-02 00:00:00+02:00,6.751474816993319,13.036101,0.865
2004-10,BOUYGUES,10.98870439261301,11.136565208435059,11.432291342235777,10.790351590014655,22432948,,,2004-10-07 00:00:00+02:00,2004-10-27 00:00:00+02:00,2.2516574963703073,13.036101,0.865
2004-11,BOUYGUES,11.132959103929805,11.670313835144043,12.117507187042571,11.114926687968557,19817518,,,2004-11-15 00:00:00+01:00,2004-11-01 00:00:00+01:00,4.7927580606694775,13.036101,0.865
2004-12,BOUYGUES,11.637855863392478,12.261764526367188,12.35552881476436,11.540481940736694,27178031,,,2004-12-30 00:00:00+01:00,2004-12-06 00:00:00+01:00,5.067993025534978,13.036101,0.865
2005-01,BOUYGUES,12.301432980178646,11.822436332702637,12.708958205857675,11.310984907075802,32218514,,,2005-01-06 00:00:00+01:00,2005-01-24 00:00:00+01:00,-3.582911682244738,13.036101,0.865
2005-02,BOUYGUES,11.802767603850562,12.880751609802246,12.884686885495817,11.731950878163497,23374490,,,2005-02-18 00:00:00+01:00,2005-02-01 00:00:00+01:00,8.951752814029955,13.036101,0.865
2005-03,BOUYGUES,12.80206501105037,12.030954360961914,12.935829729388782,11.822436864329823,21357033,,,2005-03-01 00:00:00+01:00,2005-03-22 00:00:00+01:00,-6.597419735923149,13.036101,0.865
2005-04,BOUYGUES,12.058494075405095,12.631699562072754,12.652178658627774,11.716213838397193,28409017,,,2005-04-29 00:00:00+02:00,2005-04-27 00:00:00+02:00,4.993329565442783,13.036101,0.865
2005-05,BOUYGUES,12.676756681899851,13.132453918457031,13.338241764064307,12.41461961065356,19376985,,,2005-05-18 00:00:00+02:00,2005-05-03 00:00:00+02:00,3.964267467917093,13.036101,0.865
2005-06,BOUYGUES,13.13245400559208,14.388164520263672,14.606546543917332,12.788077354431152,36975305,,,2005-06-29 00:00:00+02:00,2005-06-09 00:00:00+02:00,9.561888506167149,13.036101,0.865
2005-07,BOUYGUES,14.346170070970675,15.165109634399414,15.307899429540813,13.997591987739789,24683889,,,2005-07-29 00:00:00+02:00,2005-07-07 00:00:00+02:00,5.3998903963151434,13.036101,0.865
2005-08,BOUYGUES,15.165109641429034,15.181909561157227,15.786664745359158,15.039119015641152,23351052,,,2005-08-18 00:00:00+02:00,2005-08-25 00:00:00+02:00,0.11078012070353527,13.036101,0.865
2005-09,BOUYGUES,15.286902258469619,16.240230560302734,16.336824417114258,15.060114496686522,20333141,,,2005-09-26 00:00:00+02:00,2005-09-15 00:00:00+02:00,6.970934683033625,13.036101,0.865
2005-10,BOUYGUES,16.2528336303256,17.2901554107666,17.340552938830793,15.564078754139869,27403813,,,2005-10-31 00:00:00+01:00,2005-10-21 00:00:00+02:00,6.464962714447431,13.036101,0.865
2005-11,BOUYGUES,17.260758454757184,17.04657745361328,17.920110160951864,16.89118617748176,29939333,,,2005-11-03 00:00:00+01:00,2005-11-01 00:00:00+01:00,-1.4087667309320095,13.036101,0.865
2005-12,BOUYGUES,17.428744577098197,17.344751358032227,17.731125916541135,16.7987947838809,20247692,,,2005-12-12 00:00:00+01:00,2005-12-06 00:00:00+01:00,1.749171675254635,13.036101,0.865
2006-01,BOUYGUES,17.290155785952543,18.94903564453125,19.079226021898783,17.084370826360626,28412729,,,2006-01-27 00:00:00+01:00,2006-01-03 00:00:00+01:00,9.249393395057748,13.036101,0.865
2006-02,BOUYGUES,18.8986422357426,18.503868103027344,19.398405473483535,18.340084079781377,19999135,,,2006-02-07 00:00:00+01:00,2006-02-22 00:00:00+01:00,-2.34928863850854,13.036101,0.865
2006-03,BOUYGUES,18.47866481687942,18.41567611694336,19.045632041589222,17.50013826706907,28785386,,,2006-03-27 00:00:00+02:00,2006-03-03 00:00:00+01:00,-0.4766137847121543,13.036101,0.865
2006-04,BOUYGUES,18.419872586159094,18.1636905670166,18.814649527977007,17.00877723704953,28326449,,,2006-04-05 00:00:00+02:00,2006-04-12 00:00:00+02:00,-1.3683209257514983,13.036101,0.865
2006-05,BOUYGUES,18.201489169745138,18.18901824951172,20.333951159006013,17.45974426807275,45524035,,,2006-05-09 00:00:00+02:00,2006-05-22 00:00:00+02:00,0.13944127930207717,13.036101,0.865
2006-06,BOUYGUES,18.27481308652106,17.245248794555664,18.56652955582192,16.134173219802246,35041496,,,2006-06-05 00:00:00+02:00,2006-06-14 00:00:00+02:00,-5.188677266742481,13.036101,0.865
2006-07,BOUYGUES,17.631336915480606,16.769075393676758,17.717134505885845,15.464954880940136,26353957,,,2006-07-03 00:00:00+02:00,2006-07-17 00:00:00+02:00,-2.7611860318839554,13.036101,0.865
2006-08,BOUYGUES,16.82484271163493,17.631338119506836,17.747162504450852,16.413015268041995,26228471,,,2006-08-30 00:00:00+02:00,2006-08-11 00:00:00+02:00,5.1419813292461924,13.036101,0.865
2006-09,BOUYGUES,17.601306829650945,18.094642639160156,18.15470046056985,17.45974182328637,26652614,,,2006-09-29 00:00:00+02:00,2006-09-12 00:00:00+02:00,2.6277331675735427,13.036101,0.865
2006-10,BOUYGUES,18.1890204562223,19.59609603881836,20.033662326273895,17.918763320130502,33054691,,,2006-10-23 00:00:00+02:00,2006-10-04 00:00:00+02:00,8.297778682894673,13.036101,0.865
2006-11,BOUYGUES,19.600381348427767,19.231456756591797,20.21812352476203,18.79389258211149,29750180,,,2006-11-16 00:00:00+01:00,2006-11-28 00:00:00+01:00,-1.8607751334972056,13.036101,0.865
2006-12,BOUYGUES,19.089893337957626,20.86160659790039,21.200505350752284,18.703801418390444,32304970,,,2006-12-15 00:00:00+01:00,2006-12-04 00:00:00+01:00,8.476476129401078,13.036101,0.865
2007-01,BOUYGUES,20.98600802859075,22.242937088012695,23.22960802917935,20.771517948343334,27093029,,,2007-01-24 00:00:00+01:00,2007-01-10 00:00:00+01:00,6.621400339566019,13.036101,0.865
2007-02,BOUYGUES,22.328736728657525,22.607576370239258,24.001786022113578,21.273428831488975,23185650,,,2007-02-15 00:00:00+01:00,2007-02-28 00:00:00+01:00,1.6393486201202956,13.036101,0.865
2007-03,BOUYGUES,22.693373779822945,24.81685447692871,24.902652056186444,21.53511078999539,33054794,,,2007-03-30 00:00:00+02:00,2007-03-05 00:00:00+01:00,9.772290804235695,13.036101,0.865
2007-04,BOUYGUES,24.70961500205406,25.172916412353516,26.464171601530655,24.580919414466386,28006880,,,2007-04-11 00:00:00+02:00,2007-04-02 00:00:00+02:00,1.4347585257262319,13.036101,0.865
2007-05,BOUYGUES,25.215818028075272,28.74057388305664,28.8062935490295,24.941267016122236,33840415,,,2007-05-24 00:00:00+02:00,2007-05-02 00:00:00+02:00,14.172602857221218,13.036101,0.865
2007-06,BOUYGUES,28.74057558032207,27.636882781982422,29.54232826112814,26.88585051098849,38897456,,,2007-06-05 00:00:00+02:00,2007-06-27 00:00:00+02:00,-3.840184630846477,13.036101,0.865
2007-07,BOUYGUES,27.56133326881504,26.281478881835938,28.530111619442142,25.54822993477768,31861497,,,2007-07-17 00:00:00+02:00,2007-07-27 00:00:00+02:00,-4.904329879888358,13.036101,0.865
2007-08,BOUYGUES,25.597110755134267,25.690433502197266,25.9170751905231,22.019738339528132,46153945,,,2007-08-01 00:00:00+02:00,2007-08-17 00:00:00+02:00,-2.2489045700056276,13.036101,0.865
2007-09,BOUYGUES,25.939295234608913,26.88141441345215,27.281366919348667,24.441682874117614,32554875,,,2007-09-27 00:00:00+02:00,2007-09-10 00:00:00+02:00,4.6358926218703855,13.036101,0.865
2007-10,BOUYGUES,26.84141682981054,29.44556999206543,29.58776784309041,26.592555407525143,28615963,,,2007-10-26 00:00:00+02:00,2007-10-01 00:00:00+02:00,9.538767340047816,13.036101,0.865
2007-11,BOUYGUES,29.55222310167149,27.20582389831543,29.587775461970292,24.49501781259853,31857839,,,2007-11-01 00:00:00+01:00,2007-11-28 00:00:00+01:00,-7.606394083570245,13.036101,0.865
2007-12,BOUYGUES,27.152491760106834,25.33047866821289,28.11682891845703,24.552786254130474,26115026,,,2007-12-11 00:00:00+01:00,2007-12-21 00:00:00+01:00,-6.89317565647648,13.036101,0.865
2008-01,BOUYGUES,25.188273504703318,22.810762405395508,25.441578164786723,20.335482530466106,49804163,,,2008-01-02 00:00:00+01:00,2008-01-22 00:00:00+01:00,-9.94736931670922,13.036101,0.865
2008-02,BOUYGUES,23.019626489436902,20.193275451660156,23.61511497327249,20.064402398970348,43638482,,,2008-02-01 00:00:00+01:00,2008-02-29 00:00:00+01:00,-11.474789431484444,13.036101,0.865
2008-03,BOUYGUES,20.175498217551866,17.88242530822754,20.175498217551866,17.52690855319051,42541292,,,2008-03-03 00:00:00+01:00,2008-03-31 00:00:00+02:00,-11.443661772278924,13.036101,0.865
2008-04,BOUYGUES,17.873539018904072,22.004467010498047,22.43062894695909,17.86465092961056,43780784,,,2008-04-28 00:00:00+02:00,2008-04-01 00:00:00+02:00,23.050797815294068,13.036101,0.865
2008-05,BOUYGUES,22.444370190128755,24.052780151367188,24.052780151367188,21.468334730030232,27061609,,,2008-05-30 00:00:00+02:00,2008-05-13 00:00:00+02:00,9.308624198404436,13.036101,0.865
2008-06,BOUYGUES,24.057361520913343,19.31920623779297,24.061943106355756,18.352333459747822,37884519,,,2008-06-02 00:00:00+02:00,2008-06-24 00:00:00+02:00,-19.679945036645407,13.036101,0.865
2008-07,BOUYGUES,19.22756651264889,19.12674903869629,20.50145207258304,17.733713241868724,33930038,,,2008-07-21 00:00:00+02:00,2008-07-16 00:00:00+02:00,-0.9961962035489158,13.036101,0.865
2008-08,BOUYGUES,19.00302655305231,18.897632598876953,21.72952521831646,18.366077423095703,28286803,,,2008-08-12 00:00:00+02:00,2008-08-04 00:00:00+02:00,-1.1978849063988828,13.036101,0.865
2008-09,BOUYGUES,18.71891798171695,14.548975944519043,19.73620001764531,13.472122432090266,48374038,,,2008-09-02 00:00:00+02:00,2008-09-30 00:00:00+02:00,-23.011647790296983,13.036101,0.865
2008-10,BOUYGUES,14.789551410846805,15.204255104064941,16.16654852895798,11.01598107780377,72298166,,,2008-10-14 00:00:00+02:00,2008-10-08 00:00:00+02:00,4.5039538318348615,13.036101,0.865
2008-11,BOUYGUES,15.279862634763976,14.764347076416016,15.8503660225942,11.13283056730429,35817745,,,2008-11-04 00:00:00+01:00,2008-11-21 00:00:00+01:00,-2.893321801285176,13.036101,0.865
2008-12,BOUYGUES,14.205298718310663,13.83871078491211,14.801004443988761,12.46629747307325,29844171,,,2008-12-01 00:00:00+01:00,2008-12-05 00:00:00+01:00,-6.269402139580427,13.036101,0.865
2009-01,BOUYGUES,13.882244368635932,12.262380599975586,15.854949505038995,11.5383702611779,33051235,,,2009-01-09 00:00:00+01:00,2009-01-23 00:00:00+01:00,-11.390730028516415,13.036101,0.865
2009-02,BOUYGUES,12.140950248900095,10.447770118713379,13.859331414892196,9.973494046857514,32735514,,,2009-02-09 00:00:00+01:00,2009-02-24 00:00:00+01:00,-14.798190828180779,13.036101,0.865
2009-03,BOUYGUES,10.184283541665383,12.335698127746582,13.119282506969956,10.000989235222415,37115557,,,2009-03-24 00:00:00+01:00,2009-03-03 00:00:00+01:00,18.07015265058012,13.036101,0.865
2009-04,BOUYGUES,12.326535164077832,15.653959274291992,15.832063460322928,12.035555507516147,32941625,,,2009-04-30 00:00:00+02:00,2009-04-01 00:00:00+02:00,26.899662363508025,13.036101,0.865
2009-05,BOUYGUES,15.72616320984999,13.945117950439453,17.266529660260833,13.848844809100472,26856608,,,2009-05-07 00:00:00+02:00,2009-05-28 00:00:00+02:00,-10.91635217589275,13.036101,0.865
2009-06,BOUYGUES,14.200240134163037,12.900556564331055,14.99448920674381,12.010032653808594,38569319,,,2009-06-02 00:00:00+02:00,2009-06-22 00:00:00+02:00,-7.490516679892845,13.036101,0.865
2009-07,BOUYGUES,12.996829409141984,14.385565757751465,14.412040929267038,12.111121144235758,30733299,,,2009-07-31 00:00:00+02:00,2009-07-13 00:00:00+02:00,11.511202528473351,13.036101,0.865
2009-08,BOUYGUES,14.361497262085246,16.662418365478516,16.968083514964874,14.164138057568666,38398097,,,2009-08-28 00:00:00+02:00,2009-08-03 00:00:00+02:00,15.827341420341433,13.036101,0.865
2009-09,BOUYGUES,16.64557432065894,16.727401733398438,17.877861513933357,15.523990897826778,36799332,,,2009-09-17 00:00:00+02:00,2009-09-02 00:00:00+02:00,0.38999961766987834,13.036101,0.865
2009-10,BOUYGUES,17.030659030750922,15.47585391998291,18.17630715468454,15.47585391998291,28885950,,,2009-10-16 00:00:00+02:00,2009-10-30 00:00:00+01:00,-7.48202161556657,13.036101,0.865
2009-11,BOUYGUES,15.47585695879651,15.949993133544922,17.49517763961463,15.427719445768417,26371153,,,2009-11-13 00:00:00+01:00,2009-11-02 00:00:00+01:00,3.063735390715916,13.036101,0.865
2009-12,BOUYGUES,16.260479239451286,17.5336856842041,17.661246867510158,16.1738335517315,30277239,,,2009-12-31 00:00:00+01:00,2009-12-01 00:00:00+01:00,9.929111175154471,13.036101,0.865
2010-01,BOUYGUES,17.519248195094054,17.21839141845703,18.3303473220336,16.919946670532227,28738192,,,2010-01-19 00:00:00+01:00,2010-01-28 00:00:00+01:00,-1.7982201313846757,13.036101,0.865
2010-02,BOUYGUES,17.19432639595402,16.270105361938477,18.003019268163772,16.000542655239997,31063806,,,2010-02-04 00:00:00+01:00,2010-02-26 00:00:00+01:00,-5.507402134569039,13.036101,0.865
2010-03,BOUYGUES,16.50597427599743,17.916370391845703,18.40976692830549,16.45783676760707,32561158,,,2010-03-26 00:00:00+01:00,2010-03-01 00:00:00+01:00,10.118342772127464,13.036101,0.865
2010-04,BOUYGUES,18.118542194387057,18.036714553833008,19.524132403890217,17.165446104101363,31482850,,,2010-04-16 00:00:00+02:00,2010-04-28 00:00:00+02:00,0.6716994533785492,13.036101,0.865
2010-05,BOUYGUES,17.88267431588891,17.517057418823242,18.37166266392861,15.805314878314487,41381586,,,2010-05-13 00:00:00+02:00,2010-05-25 00:00:00+02:00,-2.881107495817925,13.036101,0.865
2010-06,BOUYGUES,17.522081557839662,16.049131393432617,18.36161100993364,15.837991463815586,38751941,,,2010-06-16 00:00:00+02:00,2010-06-29 00:00:00+02:00,-8.379980668518227,13.036101,0.865
2010-07,BOUYGUES,15.832964054284629,16.287918090820312,16.850957564814784,15.28249209032794,34708635,,,2010-07-29 00:00:00+02:00,2010-07-01 00:00:00+02:00,1.487848105508105,13.036101,0.865
2010-08,BOUYGUES,16.380920332771378,16.104427337646484,17.243074638990457,15.772638635611582,25223100,,,2010-08-06 00:00:00+02:00,2010-08-25 00:00:00+02:00,-1.126545161577408,13.036101,0.865
2010-09,BOUYGUES,15.744988557964692,15.8279390335083,16.72276625706637,15.393089641002469,34834222,,,2010-09-15 00:00:00+02:00,2010-09-01 00:00:00+02:00,-1.716846543756645,13.036101,0.865
2010-10,BOUYGUES,15.78017857316652,15.918426513671875,16.576972972823384,15.43833352576639,25581906,,,2010-10-21 00:00:00+02:00,2010-10-04 00:00:00+02:00,0.5716946468646844,13.036101,0.865
2010-11,BOUYGUES,16.0491320802384,15.453415870666504,17.087234385931787,15.375494917875137,33169867,,,2010-11-10 00:00:00+01:00,2010-11-30 00:00:00+01:00,-2.9212098482597315,13.036101,0.865
2010-12,BOUYGUES,15.579092336773815,16.272838592529297,16.43621791632824,15.569037835948413,28568654,,,2010-12-28 00:00:00+01:00,2010-12-01 00:00:00+01:00,5.302534589897445,13.036101,0.865
2011-01,BOUYGUES,16.338190124102738,17.097288131713867,17.6175899622201,16.003885582769747,32729542,,,2011-01-24 00:00:00+01:00,2011-01-10 00:00:00+01:00,5.066415023394066,13.036101,0.865
2011-02,BOUYGUES,17.122423369889358,16.84341812133789,17.34110563219354,16.438734411385685,28903501,,,2011-02-07 00:00:00+01:00,2011-02-24 00:00:00+01:00,-1.484855425142373,13.036101,0.865
2011-03,BOUYGUES,16.911283450221887,17.03444480895996,17.54470577870277,15.865639739984408,37576419,,,2011-03-08 00:00:00+01:00,2011-03-16 00:00:00+01:00,1.1341325510412226,13.036101,0.865
2011-04,BOUYGUES,17.069642199338997,17.713481903076172,17.845219825273148,16.566926975563156,22318391,,,2011-04-29 00:00:00+02:00,2011-04-19 00:00:00+02:00,3.986259028289818,13.036101,0.865
2011-05,BOUYGUES,17.88737350882262,16.915149688720703,18.12713747324871,16.55682111653584,30119961,,,2011-05-02 00:00:00+02:00,2011-05-30 00:00:00+02:00,-4.506918621216016,13.036101,0.865
2011-06,BOUYGUES,16.92041892571054,15.974538803100586,16.973113290142138,15.097165603140724,29995448,,,2011-06-01 00:00:00+02:00,2011-06-27 00:00:00+02:00,-5.560760046051094,13.036101,0.865
2011-07,BOUYGUES,15.974542983828298,13.906256675720215,16.048315909055074,13.711285086651133,31440868,,,2011-07-01 00:00:00+02:00,2011-07-29 00:00:00+02:00,-12.947366762030876,13.036101,0.865
2011-08,BOUYGUES,14.13811435977653,14.254042625427246,14.343624451754982,11.002750834923836,59132682,,,2011-08-31 00:00:00+02:00,2011-08-19 00:00:00+02:00,2.5009314714739217,13.036101,0.865
2011-09,BOUYGUES,13.998472982338281,13.139540672302246,14.064341948557534,12.375458708639952,49754721,,,2011-09-01 00:00:00+02:00,2011-09-23 00:00:00+02:00,-7.818848185123861,13.036101,0.865
2011-10,BOUYGUES,12.883969047568959,14.312005996704102,15.118245423897973,12.625761578267714,37259283,,,2011-10-27 00:00:00+02:00,2011-10-04 00:00:00+02:00,8.923183493570486,13.036101,0.865
2011-11,BOUYGUES,14.009009684818734,12.775943756103516,14.475363142423278,11.324193819919781,46606318,,,2011-11-02 00:00:00+01:00,2011-11-25 00:00:00+01:00,-10.732683042155822,13.036101,0.865
2011-12,BOUYGUES,12.799655557010993,12.828639030456543,12.94720267828589,12.10408028246275,22478941,,,2011-12-05 00:00:00+01:00,2011-12-09 00:00:00+01:00,0.41245700011673936,13.036101,0.865
2012-01,BOUYGUES,12.828637550291152,12.517736434936523,13.197504959165101,11.85641191689114,24754089,,,2012-01-04 00:00:00+01:00,2012-01-10 00:00:00+01:00,-2.4235041206000396,13.036101,0.865
2012-02,BOUYGUES,12.578337454120884,12.583605766296387,13.56373653832847,12.325399561856615,26906649,,,2012-02-21 00:00:00+01:00,2012-02-29 00:00:00+01:00,0.5262080065532082,13.036101,0.865
2012-03,BOUYGUES,12.58360659777252,12.083002090454102,12.891871452331543,11.888031150737008,23218952,,,2012-03-15 00:00:00+01:00,2012-03-29 00:00:00+02:00,-3.978221227997225,13.036101,0.865
2012-04,BOUYGUES,12.154139358385624,11.66112995147705,12.217373087428209,10.541665978329425,32197058,,,2012-04-03 00:00:00+02:00,2012-04-23 00:00:00+02:00,-3.4914513447807938,13.036101,0.865
2012-05,BOUYGUES,11.979367105445593,11.087166786193848,12.433993314853652,10.970669178883654,33643456,,,2012-05-08 00:00:00+02:00,2012-05-31 00:00:00+02:00,-4.922020144458661,13.036101,0.865
2012-06,BOUYGUES,11.195140771855982,12.047561645507812,12.075975271405804,10.695052849278266,27447266,,,2012-06-29 00:00:00+02:00,2012-06-14 00:00:00+02:00,8.662220726307513,13.036101,0.865
2012-07,BOUYGUES,12.033354212506586,11.663971900939941,12.23509486623622,10.62685877016494,30942951,,,2012-07-02 00:00:00+02:00,2012-07-26 00:00:00+02:00,-3.183961666723656,13.036101,0.865
2012-08,BOUYGUES,11.612824853769112,11.237760543823242,12.959655461799686,10.899633619110109,22672813,,,2012-08-21 00:00:00+02:00,2012-08-31 00:00:00+02:00,-3.6540842239370708,13.036101,0.865
2012-09,BOUYGUES,11.195140993297253,10.797343254089355,12.141329469481926,10.797343254089355,23639469,,,2012-09-14 00:00:00+02:00,2012-09-28 00:00:00+02:00,-3.919084127272665,13.036101,0.865
2012-10,BOUYGUES,10.774612093668313,10.544458389282227,11.450866467213439,10.544458389282227,24306569,,,2012-10-18 00:00:00+02:00,2012-10-31 00:00:00+01:00,-2.3421026715192417,13.036101,0.865
2012-11,BOUYGUES,10.544458621903226,10.788819313049316,10.87690220848338,9.967652557495798,31099608,,,2012-11-30 00:00:00+01:00,2012-11-16 00:00:00+01:00,2.317434568431387,13.036101,0.865
2012-12,BOUYGUES,10.803027299790802,12.593111038208008,12.948286377904223,10.791661414013433,37375113,,,2012-12-27 00:00:00+01:00,2012-12-03 00:00:00+01:00,16.723718071507232,13.036101,0.865
2013-01,BOUYGUES,12.888617272423295,11.882759094238281,13.544982564248999,11.757737627927138,33886512,,,2013-01-07 00:00:00+01:00,2013-01-31 00:00:00+01:00,-5.640797907796491,13.036101,0.865
2013-02,BOUYGUES,11.834455568014318,12.29760456085205,12.561855399971629,10.97635100614483,36196278,,,2013-02-28 00:00:00+01:00,2013-02-26 00:00:00+01:00,3.491154397087115,13.036101,0.865
2013-03,BOUYGUES,12.360115700716367,12.024829864501953,13.741039470751074,11.94527084494636,35118794,,,2013-03-15 00:00:00+01:00,2013-03-28 00:00:00+01:00,-2.218112438079556,13.036101,0.865
2013-04,BOUYGUES,12.05040371262763,12.97108268737793,13.069023753845327,11.598618825121605,29832158,,,2013-04-30 00:00:00+02:00,2013-04-05 00:00:00+02:00,7.869157680720074,13.036101,0.865
2013-05,BOUYGUES,12.946594953272982,12.594620704650879,13.436302718835064,12.224277762470189,30570426,,,2013-05-15 00:00:00+02:00,2013-05-23 00:00:00+02:00,-2.9023173454393536,13.036101,0.865
2013-06,BOUYGUES,12.573196219755706,12.003912925720215,12.64052996927511,11.3917800933406,21061666,,,2013-06-03 00:00:00+02:00,2013-06-24 00:00:00+02:00,-4.690159336934463,13.036101,0.865
2013-07,BOUYGUES,12.104914065112274,13.448542594909668,13.647486534870868,11.786606267387706,24002124,,,2013-07-23 00:00:00+02:00,2013-07-03 00:00:00+02:00,12.034656350214878,13.036101,0.865
2013-08,BOUYGUES,13.466908602632785,14.48610782623291,15.597127745200364,13.451605530912426,26241736,,,2013-08-28 00:00:00+02:00,2013-08-01 00:00:00+02:00,7.715075622513656,13.036101,0.865
2013-09,BOUYGUES,14.580987866396544,16.512266159057617,17.200914446902363,14.330013774165998,26483427,,,2013-09-16 00:00:00+02:00,2013-09-02 00:00:00+02:00,13.986906332117277,13.036101,0.865
2013-10,BOUYGUES,16.56735719223294,17.623287200927734,18.204812079660577,15.976650209340027,20139337,,,2013-10-16 00:00:00+02:00,2013-10-09 00:00:00+02:00,6.728458899390244,13.036101,0.865
2013-11,BOUYGUES,17.71204707079787,16.992788314819336,18.379267072213914,16.760179033194103,18146153,,,2013-11-14 00:00:00+01:00,2013-11-08 00:00:00+01:00,-3.577646320575245,13.036101,0.865
2013-12,BOUYGUES,16.983606790420147,16.784664154052734,17.11521412678074,15.639977465928915,18396184,,,2013-12-02 00:00:00+01:00,2013-12-13 00:00:00+01:00,-1.2247793411579,13.036101,0.865
2014-01,BOUYGUES,16.815270014588673,17.378433227539062,19.435196741551508,16.552053437082296,25354925,,,2014-01-15 00:00:00+01:00,2014-01-03 00:00:00+01:00,3.5375689858111237,13.036101,0.865
2014-02,BOUYGUES,17.301914371595444,17.88037872314453,19.55762389172181,16.717330064701486,21051200,,,2014-02-26 00:00:00+01:00,2014-02-05 00:00:00+01:00,2.8883242179165602,13.036101,0.865
2014-03,BOUYGUES,17.6171658948279,18.532302856445312,20.610490445108802,17.262128012866256,45828978,,,2014-03-11 00:00:00+01:00,2014-03-05 00:00:00+01:00,3.646030900100139,13.036101,0.865
2014-04,BOUYGUES,18.584333288313818,19.842266082763672,20.200362864020256,17.155004419153585,33358642,,,2014-04-30 00:00:00+02:00,2014-04-14 00:00:00+02:00,7.068539924398931,13.036101,0.865
2014-05,BOUYGUES,19.842266082763672,21.883121490478516,22.28152148545192,19.842266082763672,27665463,,,2014-05-30 00:00:00+02:00,2014-05-01 00:00:00+02:00,10.285394819332993,13.036101,0.865
2014-06,BOUYGUES,21.97308609320805,19.528060913085938,22.159435417403426,19.377055020394128,30345589,,,2014-06-02 00:00:00+02:00,2014-06-30 00:00:00+02:00,-10.761995624880482,13.036101,0.865
2014-07,BOUYGUES,19.569827988202174,18.97222900390625,19.67585549889286,18.095101881480364,25729310,,,2014-07-04 00:00:00+02:00,2014-07-10 00:00:00+02:00,-2.846324126361255,13.036101,0.865
2014-08,BOUYGUES,18.217192174262305,17.950523376464844,18.763387705626428,17.27902408875846,19806989,,,2014-08-27 00:00:00+02:00,2014-08-08 00:00:00+02:00,-5.385269317754093,13.036101,0.865
2014-09,BOUYGUES,17.876623604635643,16.491863250732422,18.294303102029303,16.141654227180783,23268768,,,2014-09-09 00:00:00+02:00,2014-09-29 00:00:00+02:00,-8.126003321133746,13.036101,0.865
2014-10,BOUYGUES,16.482220505863,17.703126907348633,17.88947620509822,15.22918835615645,32054825,,,2014-10-31 00:00:00+01:00,2014-10-10 00:00:00+02:00,7.344613754073048,13.036101,0.865
2014-11,BOUYGUES,17.738468908952065,19.441312789916992,19.67585269761748,17.15693508066763,29051393,,,2014-11-27 00:00:00+01:00,2014-11-13 00:00:00+01:00,9.81852466892068,13.036101,0.865
2014-12,BOUYGUES,19.283880704946885,19.264604568481445,20.279880005350265,17.915178262781424,22226782,,,2014-12-08 00:00:00+01:00,2014-12-16 00:00:00+01:00,-0.9089315281589183,13.036101,0.865
2015-01,BOUYGUES,19.328858350236438,20.340927124023438,21.26303192828799,18.23968283159324,23960212,,,2015-01-27 00:00:00+01:00,2015-01-06 00:00:00+01:00,5.587047228070019,13.036101,0.865
2015-02,BOUYGUES,20.418037171841547,22.766674041748047,23.377123298656112,20.183494953623605,23477369,,,2015-02-25 00:00:00+01:00,2015-02-02 00:00:00+01:00,11.925449134812084,13.036101,0.865
2015-03,BOUYGUES,22.692774404436374,23.47994041442871,24.05504891875526,22.44859178831321,25693215,,,2015-03-11 00:00:00+01:00,2015-03-10 00:00:00+01:00,3.1329405927836618,13.036101,0.865
2015-04,BOUYGUES,23.325721308214522,24.744535446166992,25.233663919044695,22.882340701935263,23193621,,,2015-04-28 00:00:00+02:00,2015-04-01 00:00:00+02:00,5.385852814861369,13.036101,0.865
2015-05,BOUYGUES,24.714384266942332,24.020891189575195,25.72949205691104,24.014191925869483,25820479,,,2015-05-19 00:00:00+02:00,2015-05-29 00:00:00+02:00,-2.9244608700216723,13.036101,0.865
2015-06,BOUYGUES,24.017547179508334,22.469755172729492,26.037712237887707,22.07443178408779,39068942,,,2015-06-22 00:00:00+02:00,2015-06-18 00:00:00+02:00,-6.457445748386215,13.036101,0.865
2015-07,BOUYGUES,22.71432020625863,22.38935089111328,23.109642477273134,20.586945811800508,34052173,,,2015-07-23 00:00:00+02:00,2015-07-08 00:00:00+02:00,-0.3578333675561929,13.036101,0.865
2015-08,BOUYGUES,22.36924823060559,22.741119384765625,23.31735098231551,20.138018164466896,19603902,,,2015-08-17 00:00:00+02:00,2015-08-24 00:00:00+02:00,1.571141992294045,13.036101,0.865
2015-09,BOUYGUES,22.44965182191809,21.260332107543945,23.73277801500468,20.945414965331327,22425269,,,2015-09-09 00:00:00+02:00,2015-09-29 00:00:00+02:00,-6.511496871229938,13.036101,0.865
2015-10,BOUYGUES,21.555149252747,23.092891693115234,23.83328252884997,21.243582353496343,20323407,,,2015-10-23 00:00:00+02:00,2015-10-01 00:00:00+02:00,8.619618810757101,13.036101,0.865
2015-11,BOUYGUES,22.9153317656603,23.873483657836914,24.382713891085682,22.861727424736863,15471299,,,2015-11-13 00:00:00+01:00,2015-11-02 00:00:00+01:00,3.3802261539831235,13.036101,0.865
2015-12,BOUYGUES,23.873484286765695,24.59042739868164,24.79143855141292,22.674117229414346,20239683,,,2015-12-30 00:00:00+01:00,2015-12-04 00:00:00+01:00,3.0030964526175374,13.036101,0.865
2016-01,BOUYGUES,24.858441845950324,24.16495132446289,25.86015242759303,22.73777068825558,20866300,,,2016-01-05 00:00:00+01:00,2016-01-20 00:00:00+01:00,-1.7302508302135533,13.036101,0.865
2016-02,BOUYGUES,24.18840293786079,24.16495132446289,24.21855617303301,20.9688663482666,23145678,,,2016-02-26 00:00:00+01:00,2016-02-11 00:00:00+01:00,0.0,13.036101,0.865
2016-03,BOUYGUES,24.161605201207138,24.020891189575195,24.992451667271297,23.786380767822266,18676476,,,2016-03-23 00:00:00+01:00,2016-03-10 00:00:00+01:00,-0.5961532177466422,13.036101,0.865
2016-04,BOUYGUES,23.86008704242921,20.587472915649414,23.86008704242921,19.250216014766146,33111536,,,2016-04-01 00:00:00+02:00,2016-04-04 00:00:00+02:00,-14.293467493894841,13.036101,0.865
2016-05,BOUYGUES,20.5910111579728,20.64403533935547,21.351022633031192,19.97239386907267,16909432,,,2016-05-13 00:00:00+02:00,2016-05-06 00:00:00+02:00,0.27474194592898016,13.036101,0.865
2016-06,BOUYGUES,20.679381403646843,18.332181930541992,20.679381403646843,17.99989821886664,23100037,,,2016-06-01 00:00:00+02:00,2016-06-27 00:00:00+02:00,-11.198650703751678,13.036101,0.865
2016-07,BOUYGUES,18.4205566320508,18.706886291503906,19.240665386526793,17.494406612214636,15704604,,,2016-07-18 00:00:00+02:00,2016-07-06 00:00:00+02:00,2.0439703379642182,13.036101,0.865
2016-08,BOUYGUES,18.735167040143693,20.099653244018555,20.75008174628672,17.900923360613593,16809375,,,2016-08-31 00:00:00+02:00,2016-08-03 00:00:00+02:00,7.445209912604223,13.036101,0.865
2016-09,BOUYGUES,20.089047967880674,20.85259437561035,21.018737481553085,19.724947915764474,20647337,,,2016-09-29 00:00:00+02:00,2016-09-16 00:00:00+02:00,3.746040404034656,13.036101,0.865
2016-10,BOUYGUES,20.856130936176886,21.00106430053711,21.47474352724312,20.573332555523404,16674267,,,2016-10-25 00:00:00+02:00,2016-10-13 00:00:00+02:00,0.7119973766928966,13.036101,0.865
2016-11,BOUYGUES,21.025804336540357,22.62359619140625,23.365935192855428,19.802716901705725,21325041,,,2016-11-22 00:00:00+01:00,2016-11-09 00:00:00+01:00,7.725950778730972,13.036101,0.865
2016-12,BOUYGUES,22.588250083864363,24.06938362121582,24.440554146348706,22.224152110213954,16602322,,,2016-12-27 00:00:00+01:00,2016-12-05 00:00:00+01:00,6.390617201516191,13.036101,0.865
2017-01,BOUYGUES,24.069386821940565,23.79366111755371,25.161681482790677,23.779522869027176,14950552,,,2017-01-13 00:00:00+01:00,2017-01-10 00:00:00+01:00,-1.145532050181275,13.036101,0.865
2017-02,BOUYGUES,23.931525868855733,25.713130950927734,26.04895530813194,23.74063980227306,15525108,,,2017-02-23 00:00:00+01:00,2017-02-07 00:00:00+01:00,8.067147900824478,13.036101,0.865
2017-03,BOUYGUES,25.865134690178106,26.9751033782959,27.611395728603043,25.854530310152523,19599019,,,2017-03-13 00:00:00+01:00,2017-03-01 00:00:00+01:00,4.907890951812033,13.036101,0.865
2017-04,BOUYGUES,27.02459238403401,27.286184310913086,27.880050082875915,25.656577410549193,18366010,,,2017-04-25 00:00:00+02:00,2017-04-19 00:00:00+02:00,1.1532149784733825,13.036101,0.865
2017-05,BOUYGUES,27.392228331042592,28.108844757080078,28.757565925893577,27.254365992357304,21272145,,,2017-05-17 00:00:00+02:00,2017-05-02 00:00:00+02:00,3.0149339929437025,13.036101,0.865
2017-06,BOUYGUES,28.013008943974594,27.216848373413086,29.26622333747041,27.14681776335461,19550109,,,2017-06-20 00:00:00+02:00,2017-06-30 00:00:00+02:00,-3.1733655060381505,13.036101,0.865
2017-07,BOUYGUES,27.390088617734403,26.719249725341797,28.178875791063945,26.586555199337344,16701581,,,2017-07-20 00:00:00+02:00,2017-07-28 00:00:00+02:00,-1.828274314660805,13.036101,0.865
2017-08,BOUYGUES,26.977265245675948,28.08304214477539,28.45163649755038,26.686077056967118,13820736,,,2017-08-16 00:00:00+02:00,2017-08-01 00:00:00+02:00,5.104156866126774,13.036101,0.865
2017-09,BOUYGUES,28.16044485379447,29.597957611083984,29.9960357520314,28.127270093235104,18750993,,,2017-09-28 00:00:00+02:00,2017-09-01 00:00:00+02:00,5.394413676761967,13.036101,0.865
2017-10,BOUYGUES,29.44683425534525,30.383056640625,30.5452381164198,29.2551669865987,13879833,,,2017-10-31 00:00:00+01:00,2017-10-12 00:00:00+02:00,2.6525446108720985,13.036101,0.865
2017-11,BOUYGUES,30.482576308535176,32.03803634643555,32.20758843684191,29.251481109527255,23795011,,,2017-11-30 00:00:00+01:00,2017-11-13 00:00:00+01:00,5.447048087971784,13.036101,0.865
2017-12,BOUYGUES,32.27024922054505,31.927459716796875,33.05903994163833,31.168156484144326,16469226,,,2017-12-07 00:00:00+01:00,2017-12-01 00:00:00+01:00,-0.34514171980759567,13.036101,0.865
2018-01,BOUYGUES,32.067525458337066,33.00374984741211,33.89574480439363,31.52938111568792,16135205,,,2018-01-22 00:00:00+01:00,2018-01-02 00:00:00+01:00,3.3710484334242397,13.036101,0.865
2018-02,BOUYGUES,33.077464912958874,30.711103439331055,33.12169699156391,29.384173639844683,21320077,,,2018-02-01 00:00:00+01:00,2018-02-09 00:00:00+01:00,-6.946624000850699,13.036101,0.865
2018-03,BOUYGUES,30.61526722753596,30.010778427124023,30.895399103351888,28.882887882803235,16102351,,,2018-03-16 00:00:00+01:00,2018-03-23 00:00:00+01:00,-2.28036421286687,13.036101,0.865
2018-04,BOUYGUES,29.686417623321166,31.146041870117188,31.78739255845736,29.5979567291029,13898801,,,2018-04-24 00:00:00+02:00,2018-04-04 00:00:00+02:00,3.782852370024181,13.036101,0.865
2018-05,BOUYGUES,31.55313286938641,30.37027359008789,33.158435388090126,30.20129632852853,22641691,,,2018-05-10 00:00:00+02:00,2018-05-30 00:00:00+02:00,-2.4907443561026033,13.036101,0.865
2018-06,BOUYGUES,30.585335762859525,28.35019874572754,30.884890317634124,28.11976988283305,18512363,,,2018-06-01 00:00:00+02:00,2018-06-28 00:00:00+02:00,-6.651487147022783,13.036101,0.865
2018-07,BOUYGUES,28.135130883766394,28.887861251831055,29.348712921142578,27.712685774391428,15427994,,,2018-07-10 00:00:00+02:00,2018-07-20 00:00:00+02:00,1.896503481071865,13.036101,0.865
2018-08,BOUYGUES,28.8955402555512,29.21045684814453,30.20897643834066,27.712685962346132,14104406,,,2018-08-30 00:00:00+02:00,2018-08-16 00:00:00+02:00,1.1167167880696827,13.036101,0.865
2018-09,BOUYGUES,29.202775938449943,28.595983505249023,29.37175664010764,26.883145492994757,17337447,,,2018-09-03 00:00:00+02:00,2018-09-06 00:00:00+02:00,-2.1036074378772973,13.036101,0.865
2018-10,BOUYGUES,28.572943096528277,24.763216018676758,28.880173376662075,23.273122207476526,25914144,,,2018-10-03 00:00:00+02:00,2018-10-23 00:00:00+02:00,-13.40316721706295,13.036101,0.865
2018-11,BOUYGUES,24.686407012247045,26.08432960510254,27.13661814454557,24.47902703233491,23219071,,,2018-11-29 00:00:00+01:00,2018-11-16 00:00:00+01:00,5.334983894779177,13.036101,0.865
2018-12,BOUYGUES,26.652718072066182,24.071937561035156,26.652718072066182,23.073419714673737,20443868,,,2018-12-03 00:00:00+01:00,2018-12-21 00:00:00+01:00,-7.714946385563703,13.036101,0.865
2019-01,BOUYGUES,23.8107851916312,23.749340057373047,24.11802286228332,22.28996823128747,20943289,,,2019-01-31 00:00:00+01:00,2019-01-23 00:00:00+01:00,-1.3401393337954315,13.036101,0.865
2019-02,BOUYGUES,23.849188655613602,25.538986206054688,25.577391110292265,22.766183853149414,19172723,,,2019-02-21 00:00:00+01:00,2019-02-08 00:00:00+01:00,7.535561596062279,13.036101,0.865
2019-03,BOUYGUES,25.538989830118357,24.46366310119629,25.73869192002766,23.972084862024815,20011192,,,2019-03-01 00:00:00+01:00,2019-03-28 00:00:00+01:00,-4.2105160172860145,13.036101,0.865
2019-04,BOUYGUES,24.54047141584823,27.072175979614258,27.33632213196971,24.54047141584823,19829307,,,2019-04-29 00:00:00+02:00,2019-04-01 00:00:00+02:00,10.662805760640204,13.036101,0.865
2019-05,BOUYGUES,27.031818826447033,25.288349151611328,27.604902724671877,24.98162976039263,22896175,,,2019-05-16 00:00:00+02:00,2019-05-29 00:00:00+02:00,-6.589152011076527,13.036101,0.865
2019-06,BOUYGUES,25.13498878479004,26.289228439331055,26.61209610094409,24.90091293504564,17306696,,,2019-06-20 00:00:00+02:00,2019-06-03 00:00:00+02:00,3.957867244394442,13.036101,0.865
2019-07,BOUYGUES,26.63630898350766,26.1358699798584,27.144821106260856,25.482067858593513,20627287,,,2019-07-25 00:00:00+02:00,2019-07-12 00:00:00+02:00,-0.5833509333549647,13.036101,0.865
2019-08,BOUYGUES,26.111652040527872,27.887407302856445,28.161842120443392,25.06234356132006,19536676,,,2019-08-30 00:00:00+02:00,2019-08-15 00:00:00+02:00,6.701660684522337,13.036101,0.865
2019-09,BOUYGUES,27.87933594468134,29.663162231445312,29.663162231445312,26.805811987337268,21219683,,,2019-09-30 00:00:00+02:00,2019-09-06 00:00:00+02:00,6.367587023433985,13.036101,0.865
2019-10,BOUYGUES,29.784237218909368,30.67211151123047,31.94742797095434,28.274842270905516,27270374,,,2019-10-18 00:00:00+02:00,2019-10-03 00:00:00+02:00,3.401354420384717,13.036101,0.865
2019-11,BOUYGUES,30.914258020665944,29.929527282714844,32.09271144401637,29.477517072568475,23775040,,,2019-11-14 00:00:00+01:00,2019-11-21 00:00:00+01:00,-2.4210404563889565,13.036101,0.865
2019-12,BOUYGUES,29.92952436425498,30.57525634765625,31.430843555754947,29.146578798120682,19108800,,,2019-12-18 00:00:00+01:00,2019-12-03 00:00:00+01:00,2.15749837557353,13.036101,0.865
2020-01,BOUYGUES,30.83354816565496,28.839859008789062,31.309773237886155,28.831788754463943,17675644,,,2020-01-02 00:00:00+01:00,2020-01-31 00:00:00+01:00,-5.675822695106247,13.036101,0.865
2020-02,BOUYGUES,28.81564468527969,28.6380672454834,33.35188621124902,28.20219963750654,28164286,,,2020-02-20 00:00:00+01:00,2020-02-28 00:00:00+01:00,-0.6996974681608759,13.036101,0.865
2020-03,BOUYGUES,29.090077774129778,21.567337036132812,29.986024724539813,17.975473921904563,53016664,,,2020-03-04 00:00:00+01:00,2020-03-16 00:00:00+01:00,-24.689969992530603,13.036101,0.865
2020-04,BOUYGUES,20.986182797563007,22.689292907714844,24.4246883392334,19.57365126311165,32053224,,,2020-04-09 00:00:00+02:00,2020-04-01 00:00:00+02:00,5.202106637932924,13.036101,0.865
2020-05,BOUYGUES,22.358358309888736,22.229209899902344,22.915295370770334,19.29921671024064,26050525,,,2020-05-29 00:00:00+02:00,2020-05-14 00:00:00+02:00,-2.0277538382699523,13.036101,0.865
2020-06,BOUYGUES,22.640860971727466,24.54576301574707,25.35292327600123,21.494693115105154,37677327,,,2020-06-08 00:00:00+02:00,2020-06-15 00:00:00+02:00,10.421212118091994,13.036101,0.865
2020-07,BOUYGUES,24.682978428529765,24.214826583862305,26.934956376092,24.214826583862305,29782080,,,2020-07-07 00:00:00+02:00,2020-07-31 00:00:00+02:00,-1.3482425935280817,13.036101,0.865
2020-08,BOUYGUES,24.27132620260742,26.838098526000977,28.355562274156682,24.14218059142289,17610488,,,2020-08-27 00:00:00+02:00,2020-08-03 00:00:00+02:00,10.83332946058313,13.036101,0.865
2020-09,BOUYGUES,26.644378986098424,25.178224563598633,27.94935841186248,24.455687004158147,25465163,,,2020-09-11 00:00:00+02:00,2020-09-24 00:00:00+02:00,-6.184767377592881,13.036101,0.865
2020-10,BOUYGUES,25.407732284867286,23.928661346435547,26.99731141692131,22.62809975724878,21887233,,,2020-10-14 00:00:00+02:00,2020-10-28 00:00:00+01:00,-4.962872636260618,13.036101,0.865
2020-11,BOUYGUES,24.02216434422307,28.374378204345703,29.666442050656986,23.69914778246398,24373092,,,2020-11-19 00:00:00+01:00,2020-11-02 00:00:00+01:00,18.579045411465934,13.036101,0.865
2020-12,BOUYGUES,28.79089804566616,28.603891372680664,30.201966189374346,27.660342767452782,17046861,,,2020-12-04 00:00:00+01:00,2020-12-21 00:00:00+01:00,0.8088747061946622,13.036101,0.865
2021-01,BOUYGUES,28.841899783516748,27.55833625793457,30.64398680298909,27.124816516853,20591264,,,2021-01-08 00:00:00+01:00,2021-01-27 00:00:00+01:00,-3.655289768526726,13.036101,0.865
2021-02,BOUYGUES,27.71984455111245,28.527385711669922,29.844950711825383,27.71134232307509,16634649,,,2021-02-18 00:00:00+01:00,2021-02-01 00:00:00+01:00,3.516356882597882,13.036101,0.865
2021-03,BOUYGUES,28.892905490433336,29.062910079956055,30.261466536055412,28.289371093424023,21514906,,,2021-03-15 00:00:00+01:00,2021-03-25 00:00:00+01:00,1.8772290377349954,13.036101,0.865
2021-04,BOUYGUES,29.18191960355243,30.295469284057617,30.42297899665818,28.94390583277157,16038308,,,2021-04-28 00:00:00+02:00,2021-04-01 00:00:00+02:00,4.241004086344491,13.036101,0.865
2021-05,BOUYGUES,30.422977428535248,29.781509399414062,31.75326029375287,29.094518075090427,21945140,,,2021-05-10 00:00:00+02:00,2021-05-19 00:00:00+02:00,-1.6964909169240538,13.036101,0.865
2021-06,BOUYGUES,30.31682471194324,27.827598571777344,30.834300425733606,27.29228053803056,24586335,,,2021-06-08 00:00:00+02:00,2021-06-30 00:00:00+02:00,-6.560818665810009,13.036101,0.865
2021-07,BOUYGUES,28.050649606795886,28.987455368041992,29.567380842613296,27.140607404834945,20561239,,,2021-07-30 00:00:00+02:00,2021-07-08 00:00:00+02:00,4.168008940020318,13.036101,0.865
2021-08,BOUYGUES,29.20158066409279,31.610511779785156,32.71683338824817,29.0409850206507,19126688,,,2021-08-26 00:00:00+02:00,2021-08-03 00:00:00+02:00,9.048936439709099,13.036101,0.865
2021-09,BOUYGUES,31.717575570513112,32.02984619140625,33.20754505731612,31.17333307189571,19517896,,,2021-09-28 00:00:00+02:00,2021-09-20 00:00:00+02:00,1.3265663477465717,13.036101,0.865
2021-10,BOUYGUES,31.619431657165237,31.226865768432617,31.913856377820082,29.861806549102162,17089627,,,2021-10-07 00:00:00+02:00,2021-10-14 00:00:00+02:00,-2.506975582009119,13.036101,0.865
2021-11,BOUYGUES,31.333927897215343,26.721277236938477,32.07445465592457,26.16811483659588,34673296,,,2021-11-05 00:00:00+01:00,2021-11-30 00:00:00+01:00,-14.428564701004543,13.036101,0.865
2021-12,BOUYGUES,26.819416925806117,28.095258712768555,28.113102608130372,26.453616596531713,25460269,,,2021-12-30 00:00:00+01:00,2021-12-20 00:00:00+01:00,5.141900455007953,13.036101,0.865
2022-01,BOUYGUES,28.014959746212938,27.827598571777344,29.460316771233913,27.39934329356601,22735933,,,2022-01-17 00:00:00+01:00,2022-01-24 00:00:00+01:00,-0.9526879383017217,13.036101,0.865
2022-02,BOUYGUES,27.934661544067463,28.56812286376953,29.549536479295732,27.220905227630166,24991162,,,2022-02-21 00:00:00+01:00,2022-02-24 00:00:00+01:00,2.6611146128262098,13.036101,0.865
2022-03,BOUYGUES,28.478902138164777,28.220165252685547,30.084855814157397,25.45435655452316,33356566,,,2022-03-16 00:00:00+01:00,2022-03-07 00:00:00+01:00,-1.2179925602506692,13.036101,0.865
2022-04,BOUYGUES,28.300462311911453,29.308643341064453,29.78151043415225,26.774807594344818,21270248,,,2022-04-26 00:00:00+02:00,2022-04-06 00:00:00+02:00,3.857093247444121,13.036101,0.865
2022-05,BOUYGUES,29.192659960176407,30.361377716064453,31.14568902162356,27.51533019676764,23757840,,,2022-05-27 00:00:00+02:00,2022-05-02 00:00:00+02:00,3.591890497111505,13.036101,0.865
2022-06,BOUYGUES,30.484218756626984,27.743854522705078,30.68266186421849,27.403670450700755,21319546,,,2022-06-01 00:00:00+02:00,2022-06-30 00:00:00+02:00,-8.621226671062498,13.036101,0.865
2022-07,BOUYGUES,27.535962761383875,27.876148223876953,28.01789098996763,25.92954322885544,19006939,,,2022-07-29 00:00:00+02:00,2022-07-14 00:00:00+02:00,0.47683965853990706,13.036101,0.865
2022-08,BOUYGUES,27.913946966769476,27.687156677246094,29.23688171930172,27.13908190278903,21380364,,,2022-08-17 00:00:00+02:00,2022-08-29 00:00:00+02:00,-0.6779686530328455,13.036101,0.865
2022-09,BOUYGUES,27.630460041300662,25.372018814086914,29.170735163610754,24.94678942062256,29548490,,,2022-09-13 00:00:00+02:00,2022-09-28 00:00:00+02:00,-8.361775425866714,13.036101,0.865
2022-10,BOUYGUES,25.230277089844353,27.29027557373047,27.441469898750842,24.313669497247513,20051844,,,2022-10-31 00:00:00+01:00,2022-10-13 00:00:00+02:00,7.56052079930869,13.036101,0.865
2022-11,BOUYGUES,27.346973016505064,27.932844161987305,29.151836817372498,26.704404372013272,26048659,,,2022-11-16 00:00:00+01:00,2022-11-17 00:00:00+01:00,2.3545698046206986,13.036101,0.865
2022-12,BOUYGUES,28.046239395423147,26.49651527404785,28.358074192106667,26.03348541372863,23963818,,,2022-12-01 00:00:00+01:00,2022-12-20 00:00:00+01:00,-5.142078907575387,13.036101,0.865
2023-01,BOUYGUES,26.63825826780634,28.57541275024414,29.34082609247818,26.60990899416553,22763644,,,2023-01-12 00:00:00+01:00,2023-01-02 00:00:00+01:00,7.845927868984637,13.036101,0.865
2023-02,BOUYGUES,28.528165659516244,30.27633285522461,30.824403997392707,28.3958708558519,23340208,,,2023-02-23 00:00:00+01:00,2023-02-01 00:00:00+01:00,5.952390328870871,13.036101,0.865
2023-03,BOUYGUES,30.380278316215158,29.378623962402344,31.032294126608736,28.54706497651891,29620769,,,2023-03-06 00:00:00+01:00,2023-03-24 00:00:00+01:00,-2.965051603557578,13.036101,0.865
2023-04,BOUYGUES,29.43532180444559,31.372478485107422,31.429173243903698,29.095140000707612,19791653,,,2023-04-20 00:00:00+02:00,2023-04-05 00:00:00+02:00,6.786752590103395,13.036101,0.865
2023-05,BOUYGUES,31.381926557863373,29.959999084472656,32.220001220703125,29.81999969482422,26188574,,,2023-05-10 00:00:00+02:00,2023-05-31 00:00:00+02:00,-4.502288211960281,13.036101,0.865
2023-06,BOUYGUES,30.040000915527344,30.760000228881836,31.100000381469727,29.229999542236328,19549370,,,2023-06-30 00:00:00+02:00,2023-06-26 00:00:00+02:00,2.670230870680479,13.036101,0.865
2023-07,BOUYGUES,30.84000015258789,32.56999969482422,33.220001220703125,28.829999923706055,18265487,,,2023-07-28 00:00:00+02:00,2023-07-07 00:00:00+02:00,5.884263499591591,13.036101,0.865
2023-08,BOUYGUES,32.439998626708984,31.899999618530273,32.720001220703125,30.75,15085741,,,2023-08-01 00:00:00+02:00,2023-08-18 00:00:00+02:00,-2.057108021405407,13.036101,0.865
2023-09,BOUYGUES,31.8700008392334,33.13999938964844,34.029998779296875,31.0,17125806,,,2023-09-20 00:00:00+02:00,2023-09-05 00:00:00+02:00,3.887146664408947,13.036101,0.865
2023-10,BOUYGUES,33.11000061035156,33.209999084472656,33.79999923706055,30.889999389648438,16887199,,,2023-10-31 00:00:00+01:00,2023-10-20 00:00:00+02:00,0.21122418863437353,13.036101,0.865
2023-11,BOUYGUES,33.220001220703125,34.90999984741211,35.290000915527344,32.869998931884766,15337122,,,2023-11-30 00:00:00+01:00,2023-11-01 00:00:00+01:00,5.118942516726199,13.036101,0.865
2023-12,BOUYGUES,35.0,34.119998931884766,36.349998474121094,34.02000045776367,14083266,,,2023-12-12 00:00:00+01:00,2023-12-28 00:00:00+01:00,-2.262964534461054,13.036101,0.865
2024-01,BOUYGUES,34.29999923706055,33.97999954223633,35.970001220703125,33.79999923706055,14047204,,,2024-01-12 00:00:00+01:00,2024-01-30 00:00:00+01:00,-0.41031475390115313,13.036101,0.865
2024-02,BOUYGUES,33.900001525878906,36.56999969482422,37.0099983215332,32.619998931884766,20353717,,,2024-02-28 00:00:00+01:00,2024-02-09 00:00:00+01:00,7.622131216831196,13.036101,0.865
2024-03,BOUYGUES,36.619998931884766,37.83000183105469,38.25,35.79999923706055,17585838,,,2024-03-21 00:00:00+01:00,2024-03-04 00:00:00+01:00,3.4454529580124627,13.036101,0.865
2024-04,BOUYGUES,37.63999938964844,36.11000061035156,38.2599983215332,35.59000015258789,6297927,,,2024-04-02 00:00:00+02:00,2024-04-11 00:00:00+02:00,-4.546659099791994,13.036101,0.865
